{"cameraMode":{"drawMode":0,"name":"Shaded","section":"Shading Mode"},"sceneLighting":true,"audioPlay":false,"sceneViewState":{"showFog":true,"showMaterialUpdate":false,"showSkybox":true,"showFlares":true,"showImageEffects":true,"showParticleSystems":true},"in2DMode":false,"pivot":{"x":-0.06999999284744263,"y":1.6307734251022339,"z":-5.743529319763184},"rotation":{"x":-0.34724918007850649,"y":0.1829952448606491,"z":-0.06928728520870209,"w":-0.917131781578064},"size":7.088352680206299,"orthographic":false}